<?xml version="1.0" encoding="UTF-8"?>
<service id="remoting-service" 
    class="flex.messaging.services.RemotingService">

    <adapters>
        <adapter-definition id="java-object" class="flex.messaging.services.remoting.adapters.JavaAdapter" default="true"/>
    </adapters>

    <default-channels>
        <channel ref="my-amf"/>
    </default-channels>
    
    <destination id="networkMonitor">
      <properties>
         <source>com.esria.samples.networkMonitor.NetworkMonitor</source>
      </properties>
   </destination>

</service>