<?xml version="1.0" encoding="utf-8"?>
<!--
Used to specify the devices in the network monitor sample app.
To keep the implementation straightforward, all of the device data is
stored in this file rather than a database or separate XML files.
-->
<devices>
   <!--
   <device>
        <id> - Device id.
        <name> - Device name.
        <type> - Device type, if type equals "icon" only an icon will show without data.
                 Valid values are icon, switch, server and router.
		<typeName> - Name for the type of device, ex: a VOIP server is the type name for a type of server.
        <iconUrl> - Used only when type equals "icon".
        <x>, <y> - Used only for the network topology view.
        <connections> - Used only for the network topology view, draws connector lines between devices.
        <cpu> - CPU consumption as a percent, not used if type equals "icon".
        <memory> - Memory consumption as a percent, not used if type equals "icon".
        <incoming> - Incoming traffic in GBs, not used if type equals "icon".
        <outgoing> - Outgoing traffic in GBs, not used if type equals "icon".
		
        Detail nodes - When a user clicks a device, the following nodes are used to populate the detail pod.
					   If type equals "icon" then the device is not clickable.
		<events> - Device events.
			<date> - Milliseconds since the Epoch.
		<location> - Physical city location of the device.
		<responseTime> - Response time in milliseconds.
		<admin> - Name of the administrator.
		<alertTotals> - Totals for the three different types of alerts (critical, warning, informational).
		<averageMemoryByMonth> - Average amount of memory used for the trailing 12 months. For the demo, the actual 
								 calendar months are calculated in the Flex front-end so the chart always shows
								 the previous twelve months rather than a fixed start and end month.
    -->
	<device>
		<id>XPS1340</id>
		<name>Internet</name>
		<type>icon</type>
		<iconUrl>images/internet_icon.png</iconUrl>
		<x>35</x>
		<y>97</y>
		<connections>
			<connection>XPA1576</connection>
		</connections>
	</device>
	<device>
		<id>XPA1576</id>
		<name>XPA1576</name>
		<type>switch</type>
		<typeName>Switch</typeName>
		<cpu>49</cpu>
		<memory>31</memory>
		<incoming>.1</incoming>
		<outgoing>1.2</outgoing>
		<x>125</x>
		<y>85</y>
		<connections>
			<connection>ZKJ1357</connection>
			<connection>POL8941</connection>
		</connections>
		<events>
			<event>
				<date>1185946089000</date>
				<description>The time service has not been able to synchronize the system time for 49152 seconds.</description>
			</event>
			<event>
				<date>1185358757000</date>
				<description>Port A is up with 1000 Mbps.</description>
			</event>
			<event>
				<date>1184502385000</date>
				<description>Driver entry successful.</description>
			</event>
			<event>
				<date>1180765953000</date>
				<description>The Computer Browser service entered the stopped state.</description>
			</event>
			<event>
				<date>1178926705000</date>
				<description>The Application Layer Gateway Service service entered the running state.</description>
			</event>
			<event>
				<date>1178597346000</date>
				<description>The SSDP Discovery Service service entered the running state.</description>
			</event>
		</events>
		<location>San Jose, CA</location>
		<responseTime>16</responseTime>
		<admin>Clint Modien</admin>
		<alertTotals>
			<alert>
				<type>Critical</type>
				<total>16</total>
			</alert>
			<alert>
				<type>Warning</type>
				<total>17</total>
			</alert>
			<alert>
				<type>Informational</type>
				<total>25</total>
			</alert>
		</alertTotals>
		<averageMemoryByMonth>
			<percent>33</percent>
			<percent>17</percent>
			<percent>33</percent>
			<percent>45</percent>
			<percent>17</percent>
			<percent>65</percent>
			<percent>55</percent>
			<percent>88</percent>
			<percent>50</percent>
			<percent>92</percent>
			<percent>32</percent>
			<percent>15</percent>
		</averageMemoryByMonth>
	</device>
	<device>
		<id>ZKJ1357</id>
		<name>ZKJ1357</name>
		<type>server</type>
		<typeName>VOIP Server</typeName>
		<cpu>49</cpu>
		<memory>17</memory>
		<incoming>.6</incoming>
		<outgoing>.1</outgoing>
		<x>295</x>
		<y>13</y>
		<events>
			<event>
				<date>1186402482000</date>
				<description>The Network Location Awareness (NLA) service entered the running state.</description>
			</event>
			<event>
				<date>1185996231000</date>
				<description>The Event log service was started.</description>
			</event>
			<event>
				<date>1184985099000</date>
				<description>(Device VMnet User) Driver entry exiting with status 0.</description>
			</event>
			<event>
				<date>1184366383000</date>
				<description>The system detected that network adapter \DEVICE\TCPIP_{A11B-DB24B9EB17F2} was connected to the network.</description>
			</event>
			<event>
				<date>1183598424000</date>
				<description>Port A is up with 1000 Mbps.</description>
			</event>
			<event>
				<date>1183505010000</date>
				<description>The Computer Browser service entered the stopped state.</description>
			</event>
		</events>
		<location>San Francisco, CA</location>
		<responseTime>16</responseTime>
		<admin>Ben Lucyk</admin>
		<alertTotals>
			<alert>
				<type>Critical</type>
				<total>3</total>
			</alert>
			<alert>
				<type>Warning</type>
				<total>14</total>
			</alert>
			<alert>
				<type>Informational</type>
				<total>41</total>
			</alert>
		</alertTotals>
		<averageMemoryByMonth>
			<percent>15</percent>
			<percent>27</percent>
			<percent>35</percent>
			<percent>9</percent>
			<percent>11</percent>
			<percent>49</percent>
			<percent>12</percent>
			<percent>19</percent>
			<percent>7</percent>
			<percent>87</percent>
			<percent>76</percent>
			<percent>12</percent>
		</averageMemoryByMonth>
	</device>
	<device>
		<id>POL8941</id>
		<name>POL8941</name>
		<type>router</type>
		<typeName>Router</typeName>
		<cpu>89</cpu>
		<memory>20</memory>
		<incoming>1.8</incoming>
		<outgoing>.6</outgoing>
		<x>295</x>
		<y>157</y>
		<connections>
			<connection>WDS9785</connection>
		</connections>
		<events>
			<event>
				<date>1186539276000</date>
				<description>The Application Layer Gateway Service service entered the running state.</description>
			</event>
			<event>
				<date>1186096660000</date>
				<description>The Event log service was started.</description>
			</event>
			<event>
				<date>1185715420000</date>
				<description>The Background Intelligent Transfer Service service entered the running state.</description>
			</event>
			<event>
				<date>1184959427000</date>
				<description>The Automatic Defragmentation exclusion period has ended on volume (C:).</description>
			</event>
			<event>
				<date>1184189331000</date>
				<description>Faulting application version 1.8.20070.6982, faulting module js3250.dll, fault address 0x0001ebdc.</description>
			</event>
			<event>
				<date>1183343696000</date>
				<description>The Diskeeper Control Center has been started.</description>
			</event>
			<event>
				<date>1178851790000</date>
				<description>The description for Event ID (1) in Source cannot be found.</description>
			</event>
		</events>
		<location>San Jose, CA</location>
		<responseTime>7</responseTime>
		<admin>Ben Lucyk</admin>
		<alertTotals>
			<alert>
				<type>Critical</type>
				<total>6</total>
			</alert>
			<alert>
				<type>Warning</type>
				<total>89</total>
			</alert>
			<alert>
				<type>Informational</type>
				<total>17</total>
			</alert>
		</alertTotals>
		<averageMemoryByMonth>
			<percent>87</percent>
			<percent>23</percent>
			<percent>45</percent>
			<percent>76</percent>
			<percent>34</percent>
			<percent>85</percent>
			<percent>12</percent>
			<percent>54</percent>
			<percent>23</percent>
			<percent>54</percent>
			<percent>59</percent>
			<percent>19</percent>
		</averageMemoryByMonth>
	</device>
	<device>
		<id>WDS9785</id>
		<name>WAN</name>
		<type>icon</type>
		<iconUrl>images/wan_icon.png</iconUrl>
		<x>495</x>
		<y>101</y>
		<connections>
			<connection>QUY6874</connection>
		</connections>
	</device>
	<device>
		<id>QUY6874</id>
		<name>QUY6874</name>
		<type>router</type>
		<typeName>Router</typeName>
		<cpu>16</cpu>
		<memory>39</memory>
		<incoming>.89</incoming>
		<outgoing>.17</outgoing>
		<x>625</x>
		<y>13</y>
		<connections>
			<connection>XPO1357</connection>
		</connections>
		<events>
			<event>
				<date>1184936036000</date>
				<description>Faulting application version 1.0.4.42320, version 1.0.4.42320, fault address 0x0007a234.</description>
			</event>
			<event>
				<date>1184595640000</date>
				<description>The description for Event ID (0) in Source (gusvc) cannot be found.</description>
			</event>
			<event>
				<date>1183795830000</date>
				<description>The application generated an application error.</description>
			</event>
			<event>
				<date>1183284320000</date>
				<description>Automatic Defragmentation engines were not started due to an exclusion period.</description>
			</event>
		</events>
		<location>San Jose, CA</location>
		<responseTime>14</responseTime>
		<admin>Clint Modien</admin>
		<alertTotals>
			<alert>
				<type>Critical</type>
				<total>3</total>
			</alert>
			<alert>
				<type>Warning</type>
				<total>9</total>
			</alert>
			<alert>
				<type>Informational</type>
				<total>19</total>
			</alert>
		</alertTotals>
		<averageMemoryByMonth>
			<percent>43</percent>
			<percent>23</percent>
			<percent>45</percent>
			<percent>67</percent>
			<percent>78</percent>
			<percent>45</percent>
			<percent>47</percent>
			<percent>34</percent>
			<percent>76</percent>
			<percent>9</percent>
			<percent>32</percent>
			<percent>34</percent>
		</averageMemoryByMonth>
	</device>
	<device>
		<id>XPO1357</id>
		<name>XPO1357</name>
		<type>switch</type>
		<typeName>Switch</typeName>
		<cpu>7</cpu>
		<memory>6</memory>
		<incoming>.75</incoming>
		<outgoing>.26</outgoing>
		<x>625</x>
		<y>157</y>
		<connections>
			<connection>DCQ1167</connection>
			<connection>PIN5794</connection>
			<connection>UGB9871</connection>
		</connections>
		<events>
			<event>
				<date>1187101418000</date>
				<description>Resolve Partial Assembly failed for Microsoft.VC80.MFCLOC.</description>
			</event>
			<event>
				<date>1186380827000</date>
				<description>The Windows Installer service entered the stopped state.</description>
			</event>
			<event>
				<date>1185712180000</date>
				<description>Application Error : The application failed to initialize properly (0xc0000005).</description>
			</event>
		</events>
		<location>San Jose, CA</location>
		<responseTime>99</responseTime>
		<admin>Clint Modien</admin>
		<alertTotals>
			<alert>
				<type>Critical</type>
				<total>1</total>
			</alert>
			<alert>
				<type>Warning</type>
				<total>16</total>
			</alert>
			<alert>
				<type>Informational</type>
				<total>8</total>
			</alert>
		</alertTotals>
		<averageMemoryByMonth>
			<percent>32</percent>
			<percent>43</percent>
			<percent>23</percent>
			<percent>6</percent>
			<percent>76</percent>
			<percent>65</percent>
			<percent>46</percent>
			<percent>40</percent>
			<percent>78</percent>
			<percent>80</percent>
			<percent>34</percent>
			<percent>18</percent>
		</averageMemoryByMonth>
	</device>
	<device>
		<id>DCQ1167</id>
		<name>DCQ1167</name>
		<type>server</type>
		<typeName>SMTP Server</typeName>
		<cpu>61</cpu>
		<memory>98</memory>
		<incoming>.18</incoming>
		<outgoing>.1</outgoing>
		<x>470</x>
		<y>307</y>
		<events>
			<event>
				<date>1187825807000</date>
				<description>Application Error : The application failed to initialize properly (0xc0000005).</description>
			</event>
			<event>
				<date>1185358757000</date>
				<description>The SSDP Discovery Service service entered the running state.</description>
			</event>
			<event>
				<date>1186879227000</date>
				<description>The Terminal Services service entered the running state.</description>
			</event>
			<event>
				<date>1185967965000</date>
				<description>(Device VMnet User) Driver entry exiting with status 0.</description>
			</event>
			<event>
				<date>1185045937000</date>
				<description>Starting up the User Interface Driver for VMware Virtual Networks.</description>
			</event>
			<event>
				<date>1184217629000</date>
				<description>Port A is up with 1000 Mbps.</description>
			</event>
			<event>
				<date>1183288800000</date>
				<description>Driver entry successful.</description>
			</event>
		</events>
		<location>San Francisco, CA</location>
		<responseTime>9</responseTime>
		<admin>Clint Modien</admin>
		<alertTotals>
			<alert>
				<type>Critical</type>
				<total>12</total>
			</alert>
			<alert>
				<type>Warning</type>
				<total>9</total>
			</alert>
			<alert>
				<type>Informational</type>
				<total>17</total>
			</alert>
		</alertTotals>
		<averageMemoryByMonth>
			<percent>17</percent>
			<percent>34</percent>
			<percent>87</percent>
			<percent>46</percent>
			<percent>57</percent>
			<percent>68</percent>
			<percent>54</percent>
			<percent>23</percent>
			<percent>12</percent>
			<percent>42</percent>
			<percent>35</percent>
			<percent>21</percent>
		</averageMemoryByMonth>
	</device>
	<device>
		<id>PIN5794</id>
		<name>PIN5794</name>
		<type>server</type>
		<typeName>FTP Server</typeName>
		<cpu>86</cpu>
		<memory>11</memory>
		<incoming>.51</incoming>
		<outgoing>1.3</outgoing>
		<x>625</x>
		<y>307</y>
		<events>
			<event>
				<date>1187124569000</date>
				<description>The Computer Browser service entered the stopped state.</description>
			</event>
			<event>
				<date>1186292438000</date>
				<description>Starting up the User Interface Driver for VMware Virtual Networks.</description>
			</event>
			<event>
				<date>1186021879000</date>
				<description>Driver entry successful.</description>
			</event>
			<event>
				<date>1185068239000</date>
				<description>The Computer Browser service entered the stopped state.</description>
			</event>
			<event>
				<date>1184611237000</date>
				<description>The Network Location Awareness (NLA) service was successfully sent a start control.</description>
			</event>
			<event>
				<date>1183848463000</date>
				<description>The Event log service was started.</description>
			</event>
			<event>
				<date>1179723413000</date>
				<description>The Windows Installer service entered the stopped state.</description>
			</event>
			<event>
				<date>1178880049000</date>
				<description>Context failed for C:\WINDOWS\WinSxS\x86_Microsoft.VC80\MFC80U.DLL.</description>
			</event>
		</events>
		<location>San Jose, CA</location>
		<responseTime>31</responseTime>
		<admin>Ben Lucyk</admin>
		<alertTotals>
			<alert>
				<type>Critical</type>
				<total>31</total>
			</alert>
			<alert>
				<type>Warning</type>
				<total>14</total>
			</alert>
			<alert>
				<type>Informational</type>
				<total>4</total>
			</alert>
		</alertTotals>
		<averageMemoryByMonth>
			<percent>32</percent>
			<percent>12</percent>
			<percent>17</percent>
			<percent>32</percent>
			<percent>43</percent>
			<percent>24</percent>
			<percent>29</percent>
			<percent>33</percent>
			<percent>20</percent>
			<percent>25</percent>
			<percent>33</percent>
			<percent>31</percent>
		</averageMemoryByMonth>
	</device>
	<device>
		<id>UGB9871</id>
		<name>UGB9871</name>
		<type>server</type>
		<typeName>Web Server</typeName>
		<cpu>55</cpu>
		<memory>3</memory>
		<incoming>1.34</incoming>
		<outgoing>.7</outgoing>
		<x>780</x>
		<y>307</y>
		<events>
			<event>
				<date>1187548339000</date>
				<description>Reference error message: The referenced assembly is not installed on your system.</description>
			</event>
			<event>
				<date>1186825159000</date>
				<description>The system failed to flush data to the transaction log.</description>
			</event>
			<event>
				<date>1186040977000</date>
				<description>The Windows Installer service entered the running state.</description>
			</event>
			<event>
				<date>1185767898000</date>
				<description>Dependent Assembly Microsoft.VC80.MFCLOC could not be found.</description>
			</event>
			<event>
				<date>1184275808000</date>
				<description>Driver entry exiting with status 0.</description>
			</event>
			<event>
				<date>1183461686000</date>
				<description>Starting up the User Interface Driver for VMware Virtual Networks.</description>
			</event>
			<event>
				<date>1183273380000</date>
				<description>Port A is up with 1000 Mbps.</description>
			</event>
		</events>
		<location>San Jose, CA</location>
		<responseTime>15</responseTime>
		<admin>Clint Modien</admin>
		<alertTotals>
			<alert>
				<type>Critical</type>
				<total>23</total>
			</alert>
			<alert>
				<type>Warning</type>
				<total>14</total>
			</alert>
			<alert>
				<type>Informational</type>
				<total>39</total>
			</alert>
		</alertTotals>
		<averageMemoryByMonth>
			<percent>12</percent>
			<percent>43</percent>
			<percent>21</percent>
			<percent>27</percent>
			<percent>17</percent>
			<percent>90</percent>
			<percent>12</percent>
			<percent>17</percent>
			<percent>24</percent>
			<percent>33</percent>
			<percent>19</percent>
			<percent>10</percent>
		</averageMemoryByMonth>
	</device>
</devices>