<?xml version="1.0" encoding="utf-8" standalone="no"?>
<application xmlns="http://ns.adobe.com/air/application/1.5">

	<id>com.christiancantrell.pluggablesearchcentral</id>
	<filename>PluggableSearchCentral</filename>
	<name>PluggableSearchCentral</name>
	<version>1</version>
	<description>Allows you to safely install and use search plugins. Created by Christian Cantrell.</description>
	<copyright>Copyright © 2010 Adobe Systems Incorporated. All rights reserved.</copyright>

	<initialWindow>
		<content>[This value will be overwritten by Flex Builder in the output app.xml]</content>
		<!-- <title></title> -->
		<systemChrome>none</systemChrome>
		<transparent>true</transparent>
		<visible>false</visible>
		<!-- <minimizable></minimizable> -->
		<!-- <maximizable></maximizable> -->
		<resizable>false</resizable>
		<width>820</width>
		<height>600</height>
		<!-- <x></x> -->
		<!-- <y></y> -->
		<minSize>640 480</minSize>
		<!-- <maxSize></maxSize> -->
	</initialWindow>

	<!-- <installFolder></installFolder> -->
	<!-- <programMenuFolder></programMenuFolder> -->
	<icon>
		<image128x128>/assets/searchcentral_logo.png</image128x128>
	</icon>

</application>
